{"cameraMode":{"drawMode":0,"name":"Shaded","section":"Shading Mode"},"sceneLighting":true,"audioPlay":false,"sceneViewState":{"showFog":true,"showMaterialUpdate":true,"showSkybox":true,"showFlares":true,"showImageEffects":true,"showParticleSystems":true},"in2DMode":false,"pivot":{"x":26.569246292114259,"y":26.167654037475587,"z":-73.74040222167969},"rotation":{"x":-0.026592496782541276,"y":0.08835907280445099,"z":0.002271201927214861,"w":0.9958621263504028},"size":49.77388381958008,"orthographic":false}