{"cameraMode":{"drawMode":0,"name":"Shaded","section":"Shading Mode"},"sceneLighting":false,"audioPlay":false,"sceneViewState":{"showFog":true,"showMaterialUpdate":true,"showSkybox":true,"showFlares":true,"showImageEffects":true,"showParticleSystems":true},"in2DMode":false,"pivot":{"x":-0.6732409596443176,"y":0.2482173591852188,"z":5.32128381729126},"rotation":{"x":-0.07962086796760559,"y":0.051723919808864596,"z":-0.004146481864154339,"w":-0.9955242276191711},"size":10.290761947631836,"orthographic":false}