{"cameraMode":{"drawMode":0,"name":"Shaded","section":"Shading Mode"},"sceneLighting":true,"audioPlay":false,"sceneViewState":{"showFog":true,"showMaterialUpdate":true,"showSkybox":true,"showFlares":true,"showImageEffects":true,"showParticleSystems":true},"in2DMode":false,"pivot":{"x":-12.906621932983399,"y":-18.244503021240236,"z":13.038032531738282},"rotation":{"x":-0.0069333272986114029,"y":-0.9200371503829956,"z":0.3914921283721924,"w":-0.016293693333864213},"size":116.03694152832031,"orthographic":false}